{
  "Context": {
    "mean": 8512.231884057972,
    "min": 2048,
    "max": 31072,
    "count": 138,
    "median": 2048,
    "percentile95": 31072
  },
  "Temp": {
    "mean": 0.4835507246376818,
    "min": 0.07,
    "max": 0.9,
    "count": 138,
    "median": 0.6,
    "percentile95": 0.9
  },
  "Duration": {
    "mean": 16.54420289855073,
    "min": 2.02,
    "max": 229.16,
    "count": 138,
    "median": 10.21,
    "percentile95": 55.87
  },
  "Eval Tokens": {
    "mean": 1622.1014492753623,
    "min": 40,
    "max": 2025,
    "count": 138,
    "median": 2025,
    "percentile95": 2025
  },
  "QPC": {
    "mean": 817.5688073394496,
    "min": 270,
    "max": 4779,
    "count": 109,
    "median": 666,
    "percentile95": 1623
  },
  "Eval Duration": {
    "mean": 4.575862068965518,
    "min": 1.78,
    "max": 10.61,
    "count": 29,
    "median": 3.58,
    "percentile95": 9.74
  },
  "Prompt Eval Tokens": {
    "mean": 24.793188405797103,
    "min": 1.67,
    "max": 189.71,
    "count": 138,
    "median": 13.51,
    "percentile95": 59.02
  },
  "Tokens Per Second": {
    "mean": 61.85797101449275,
    "min": 21.51,
    "max": 86,
    "count": 138,
    "median": 69.5,
    "percentile95": 86
  },
  "Web Search": {
    "mean": 59.784862385321084,
    "min": 8.56,
    "max": 161.87,
    "count": 109,
    "median": 67.79,
    "percentile95": 72.09
  },
  "Web Search URL": {
    "mean": 0,
    "min": 0,
    "max": 0,
    "count": 29,
    "median": 0,
    "percentile95": 0
  },
  "CPU_GPU": {
    "mean": 0,
    "min": 0,
    "max": 0,
    "count": 29,
    "median": 0,
    "percentile95": 0
  },
  "OS": {
    "mean": 3.36231884057971,
    "min": 0,
    "max": 16,
    "count": 138,
    "median": 0,
    "percentile95": 16
  },
  "Computer": {
    "mean": 0,
    "min": 0,
    "max": 0,
    "count": 109,
    "median": 0,
    "percentile95": 0
  },
  "Response File": {
    "mean": 56.72727272727273,
    "min": 16,
    "max": 64,
    "count": 99,
    "median": 64,
    "percentile95": 64
  },
  "__parsed_extra": {
    "mean": 32,
    "min": 32,
    "max": 32,
    "count": 10,
    "median": 32,
    "percentile95": 32
  }
}